<?xml version="1.0" encoding="UTF-8" standalone="yes"?>
<ns2:ExportManifest xmlns:ns2="http://www.pentaho.com/schema/">
    <ExportManifestInformation exportDate="10-07-2019 02:39:31 CST" exportBy="admin" rootFolder="/public/Demo/" manifestVersion="2"/>
    <ExportManifestEntity path="demo123.datafor">
        <ExportManifestProperty>
            <EntityMetaData name="demo123.datafor" createdDate="2019-07-10T14:03:49.027+08:00" isFolder="false" path="demo123.datafor" isHidden="false" isSchedulable="true" locale="zh_CN" description="demo123" title="demo123"/>
        </ExportManifestProperty>
        <ExportManifestProperty>
            <EntityAcl>
                <entriesInheriting>true</entriesInheriting>
                <owner>admin</owner>
                <ownerType>USER</ownerType>
            </EntityAcl>
        </ExportManifestProperty>
    </ExportManifestEntity>
</ns2:ExportManifest>
