<?xml version="1.0" encoding="UTF-8"?>
<beans xmlns="http://www.springframework.org/schema/beans" xmlns:context="http://www.springframework.org/schema/context"
  xmlns:xsi="http://www.w3.org/2001/XMLSchema-instance" xmlns:ws="http://jax-ws.dev.java.net/spring/core" xmlns:wss="http://jax-ws.dev.java.net/spring/servlet"
  xmlns:pen="http://www.pentaho.com/schema/pentaho-system"
  xsi:schemaLocation="http://www.springframework.org/schema/beans http://www.springframework.org/schema/beans/spring-beans-2.5.xsd
                           http://www.springframework.org/schema/context http://www.springframework.org/schema/context/spring-context-2.5.xsd
                           http://www.springframework.org/schema/util http://www.springframework.org/schema/util/spring-util-2.5.xsd
                           http://jax-ws.dev.java.net/spring/core http://jax-ws.dev.java.net/spring/core.xsd
                           http://jax-ws.dev.java.net/spring/servlet http://jax-ws.dev.java.net/spring/servlet.xsd
                           http://www.pentaho.com/schema/pentaho-system http://www.pentaho.com/schema/pentaho-system.xsd">

	<context:annotation-config />
  
	<bean id="api" class="org.saiku.plugin.resources.ExtendedJAXRSPluginServlet"/>
	
	<bean id="apiResource" class="com.datafor.pc.dashboard.web.api.DataforServiceResources">
		<property name="discover" ref="dataforDiscover" />
	</bean>
	
	
	
	<bean id="datafor" class="com.datafor.pc.dashboard.DataforDashboardContentGenerator" scope="prototype"/>
	<bean id="datafor.new" class="com.datafor.pc.dashboard.DataforDashboardContentGenerator" scope="prototype">
		<property name="mode" value="new" />
		<property name="modePath" value="$webappName/plugin/datafor/api/createDo" />
	</bean>
	<bean id="datafor.run" class="com.datafor.pc.dashboard.DataforDashboardContentGenerator" scope="prototype">
		<property name="mode" value="run" />
		<property name="modePath" value="$webappName/plugin/datafor/api/open/" />
	</bean>
	<bean id="datafor.newwindow" class="com.datafor.pc.dashboard.DataforDashboardContentGenerator" scope="prototype">
		<property name="mode" value="newwindow" />
		<property name="modePath" value="$webappName/plugin/datafor/api/open/" />
	</bean>
	<bean id="datafor.editor" class="com.datafor.pc.dashboard.DataforDashboardContentGenerator" scope="prototype">
		<property name="mode" value="editor" />
		<property name="modePath" value="$webappName/plugin/datafor/api/edit/" />
	</bean>
	
	
	<!-- start wrap saiku rest api -->
	<bean id="contentAccessFactory" scope="prototype" class="pt.webdetails.cpf.PentahoPluginEnvironment" />
	
	<bean id="dataforDiscover" class="com.datafor.pc.dashboard.saiku.api.DataforDiscoverResource">
		<property name="olapDiscoverService" ref="olapDiscoverServiceBean" />
	</bean>
	<!-- add 2018-11-02 -->
	<bean id="repositoryBean2" class="org.saiku.plugin.resources.PentahoRepositoryResource2">
		<property name="userService" ref="userServiceBean"/>
	</bean>
	<!-- end -->
	
	<bean id="dataforQuery" class="com.datafor.pc.dashboard.saiku.api.DataforQueryResource">
		<property name="thinQueryService" ref="thinQueryBean" />
		<!-- add 2018-11-02 -->
        <property name="repository" ref="repositoryBean2"/>
		<property name="userService" ref="userServiceBean"/>
		<!-- end -->
	</bean>
	
	<bean id="restQueryApi" class="com.datafor.pc.dashboard.web.api.DataforRestQueryService">
		<property name="discover" ref="dataforDiscover" />
		<property name="query" ref="dataforQuery"/>
	</bean>
	
	
	<!-- saiku define beans -->
	<bean id="thinQueryBean" class="org.saiku.service.olap.ThinQueryService">
		<property name="olapDiscoverService" ref="olapDiscoverServiceBean" />
	</bean>

	<!-- 2018-11-02 licheng added -->
	<bean id="sessionService" class="org.saiku.plugin.PentahoSessionServiceSeven">
		<property name="userService" ref="userServiceBean"/>
		<!--<property name="l" ref="licenseUtilsBeanPlugin"/>-->
	</bean>
	
	<bean id="userServiceBean" class="org.saiku.service.user.UserService">
		<property name="datasourceService" ref="datasourceServiceBean"/>
		<property name="iDatasourceManager" ref="pentahoDsManager"/>
		<property name="adminRoles">
			<list>
				<value>Administrator</value>
			</list>
		</property>
		<property name="sessionService" ref="sessionService"/>
	</bean>
	<!-- end -->
	
	<bean id="pentahoDsManager" class="org.saiku.plugin.PentahoDatasourceManager">
		<property name="datasourceResolverClass" value="org.saiku.plugin.PentahoDataSourceResolver" />
		<!-- <property name="dynamicSchemaProcessor" value="mondrian.i18n.LocalizingDynamicSchemaProcessor" /> -->
	</bean>

	<bean id="connectionManager" class="org.saiku.plugin.PentahoSecurityAwareConnectionManager">
		<property name="dataSourceManager" ref="pentahoDsManager" />
		<property name="userAware" value="false" />
		<property name="connectionPooling" value="true" />
	</bean>

	<bean id="datasourceServiceBean" class="org.saiku.service.datasource.DatasourceService">
		<property name="connectionManager" ref="connectionManager" />
	</bean>

	<bean id="olapDiscoverServiceBean" class="org.saiku.service.olap.OlapDiscoverService">
		<property name="datasourceService" ref="datasourceServiceBean" />
	</bean>

	
	<!-- end wrap saiku api-->
	
	<bean class="org.pentaho.platform.engine.core.system.objfac.spring.ApplicationContextPentahoSystemRegisterer" scope="singleton"/>
	<bean class="org.pentaho.platform.engine.core.solution.ContentInfo">
		<property name="mimeType" value="text/html"/>
		<property name="extension" value=".datafor"/>	
		<property name="canImport" value="true"/>
		<property name="canExport" value="true"/>		
	<pen:publish as-type="INTERFACES"/>
  </bean>

  
</beans>
