{
    "languages": [
        {
            "target": "en",
            "description": "默认语言",
            "sources": "all"
        },
        {
            "target": "en",
            "description": "English",
            "sources": [
                "en"
            ]
        },
        {
            "target": "zh",
            "description": "中文-简体",
            "sources": [
                "zh",
                "zh_CN"
            ]
        }
    ],
    "timeUpdated": "2019-05-14 20:16:19"
}